Registry Name,ID,Has Item,Class
minecraft:air,0,true,net.minecraft.block.BlockAir
minecraft:stone,1,true,net.minecraft.block.BlockStone
minecraft:grass,2,true,net.minecraft.block.BlockGrass
minecraft:dirt,3,true,net.minecraft.block.BlockDirt
minecraft:cobblestone,4,true,net.minecraft.block.Block
minecraft:planks,5,true,net.minecraft.block.BlockPlanks
minecraft:sapling,6,true,net.minecraft.block.BlockSapling
minecraft:bedrock,7,true,net.minecraft.block.BlockEmptyDrops
minecraft:flowing_water,8,true,net.minecraft.block.BlockDynamicLiquid
minecraft:water,9,true,net.minecraft.block.BlockStaticLiquid
minecraft:flowing_lava,10,true,net.minecraft.block.BlockDynamicLiquid
minecraft:lava,11,true,net.minecraft.block.BlockStaticLiquid
minecraft:sand,12,true,net.minecraft.block.BlockSand
minecraft:gravel,13,true,net.minecraft.block.BlockGravel
minecraft:gold_ore,14,true,net.minecraft.block.BlockOre
minecraft:iron_ore,15,true,net.minecraft.block.BlockOre
minecraft:coal_ore,16,true,net.minecraft.block.BlockOre
minecraft:log,17,true,net.minecraft.block.BlockOldLog
minecraft:leaves,18,true,net.minecraft.block.BlockOldLeaf
minecraft:sponge,19,true,net.minecraft.block.BlockSponge
minecraft:glass,20,true,net.minecraft.block.BlockGlass
minecraft:lapis_ore,21,true,net.minecraft.block.BlockOre
minecraft:lapis_block,22,true,net.minecraft.block.Block
minecraft:dispenser,23,true,net.minecraft.block.BlockDispenser
minecraft:sandstone,24,true,net.minecraft.block.BlockSandStone
minecraft:noteblock,25,true,net.minecraft.block.BlockNote
minecraft:bed,26,true,net.minecraft.block.BlockBed
minecraft:golden_rail,27,true,net.minecraft.block.BlockRailPowered
minecraft:detector_rail,28,true,net.minecraft.block.BlockRailDetector
minecraft:sticky_piston,29,true,net.minecraft.block.BlockPistonBase
minecraft:web,30,true,net.minecraft.block.BlockWeb
minecraft:tallgrass,31,true,net.minecraft.block.BlockTallGrass
minecraft:deadbush,32,true,net.minecraft.block.BlockDeadBush
minecraft:piston,33,true,net.minecraft.block.BlockPistonBase
minecraft:piston_head,34,true,net.minecraft.block.BlockPistonExtension
minecraft:wool,35,true,net.minecraft.block.BlockColored
minecraft:piston_extension,36,true,net.minecraft.block.BlockPistonMoving
minecraft:yellow_flower,37,true,net.minecraft.block.BlockYellowFlower
minecraft:red_flower,38,true,net.minecraft.block.BlockRedFlower
minecraft:brown_mushroom,39,true,net.minecraft.block.BlockMushroom
minecraft:red_mushroom,40,true,net.minecraft.block.BlockMushroom
minecraft:gold_block,41,true,net.minecraft.block.Block
minecraft:iron_block,42,true,net.minecraft.block.Block
minecraft:double_stone_slab,43,true,net.minecraft.block.BlockDoubleStoneSlab
minecraft:stone_slab,44,true,net.minecraft.block.BlockHalfStoneSlab
minecraft:brick_block,45,true,net.minecraft.block.Block
minecraft:tnt,46,true,net.minecraft.block.BlockTNT
minecraft:bookshelf,47,true,net.minecraft.block.BlockBookshelf
minecraft:mossy_cobblestone,48,true,net.minecraft.block.Block
minecraft:obsidian,49,true,net.minecraft.block.BlockObsidian
minecraft:torch,50,true,net.minecraft.block.BlockTorch
minecraft:fire,51,true,net.minecraft.block.BlockFire
minecraft:mob_spawner,52,true,net.minecraft.block.BlockMobSpawner
minecraft:oak_stairs,53,true,net.minecraft.block.BlockStairs
minecraft:chest,54,true,net.minecraft.block.BlockChest
minecraft:redstone_wire,55,true,net.minecraft.block.BlockRedstoneWire
minecraft:diamond_ore,56,true,net.minecraft.block.BlockOre
minecraft:diamond_block,57,true,net.minecraft.block.Block
minecraft:crafting_table,58,true,net.minecraft.block.BlockWorkbench
minecraft:wheat,59,true,net.minecraft.block.BlockCrops
minecraft:farmland,60,true,net.minecraft.block.BlockFarmland
minecraft:furnace,61,true,net.minecraft.block.BlockFurnace
minecraft:lit_furnace,62,true,net.minecraft.block.BlockFurnace
minecraft:standing_sign,63,true,net.minecraft.block.BlockStandingSign
minecraft:wooden_door,64,true,net.minecraft.block.BlockDoor
minecraft:ladder,65,true,net.minecraft.block.BlockLadder
minecraft:rail,66,true,net.minecraft.block.BlockRail
minecraft:stone_stairs,67,true,net.minecraft.block.BlockStairs
minecraft:wall_sign,68,true,net.minecraft.block.BlockWallSign
minecraft:lever,69,true,net.minecraft.block.BlockLever
minecraft:stone_pressure_plate,70,true,net.minecraft.block.BlockPressurePlate
minecraft:iron_door,71,true,net.minecraft.block.BlockDoor
minecraft:wooden_pressure_plate,72,true,net.minecraft.block.BlockPressurePlate
minecraft:redstone_ore,73,true,net.minecraft.block.BlockRedstoneOre
minecraft:lit_redstone_ore,74,true,net.minecraft.block.BlockRedstoneOre
minecraft:unlit_redstone_torch,75,true,net.minecraft.block.BlockRedstoneTorch
minecraft:redstone_torch,76,true,net.minecraft.block.BlockRedstoneTorch
minecraft:stone_button,77,true,net.minecraft.block.BlockButtonStone
minecraft:snow_layer,78,true,net.minecraft.block.BlockSnow
minecraft:ice,79,true,net.minecraft.block.BlockIce
minecraft:snow,80,true,net.minecraft.block.BlockSnowBlock
minecraft:cactus,81,true,net.minecraft.block.BlockCactus
minecraft:clay,82,true,net.minecraft.block.BlockClay
minecraft:reeds,83,true,net.minecraft.block.BlockReed
minecraft:jukebox,84,true,net.minecraft.block.BlockJukebox
minecraft:fence,85,true,net.minecraft.block.BlockFence
minecraft:pumpkin,86,true,net.minecraft.block.BlockPumpkin
minecraft:netherrack,87,true,net.minecraft.block.BlockNetherrack
minecraft:soul_sand,88,true,net.minecraft.block.BlockSoulSand
minecraft:glowstone,89,true,net.minecraft.block.BlockGlowstone
minecraft:portal,90,true,net.minecraft.block.BlockPortal
minecraft:lit_pumpkin,91,true,net.minecraft.block.BlockPumpkin
minecraft:cake,92,true,net.minecraft.block.BlockCake
minecraft:unpowered_repeater,93,true,net.minecraft.block.BlockRedstoneRepeater
minecraft:powered_repeater,94,true,net.minecraft.block.BlockRedstoneRepeater
minecraft:stained_glass,95,true,net.minecraft.block.BlockStainedGlass
minecraft:trapdoor,96,true,net.minecraft.block.BlockTrapDoor
minecraft:monster_egg,97,true,net.minecraft.block.BlockSilverfish
minecraft:stonebrick,98,true,net.minecraft.block.BlockStoneBrick
minecraft:brown_mushroom_block,99,true,net.minecraft.block.BlockHugeMushroom
minecraft:red_mushroom_block,100,true,net.minecraft.block.BlockHugeMushroom
minecraft:iron_bars,101,true,net.minecraft.block.BlockPane
minecraft:glass_pane,102,true,net.minecraft.block.BlockPane
minecraft:melon_block,103,true,net.minecraft.block.BlockMelon
minecraft:pumpkin_stem,104,true,net.minecraft.block.BlockStem
minecraft:melon_stem,105,true,net.minecraft.block.BlockStem
minecraft:vine,106,true,net.minecraft.block.BlockVine
minecraft:fence_gate,107,true,net.minecraft.block.BlockFenceGate
minecraft:brick_stairs,108,true,net.minecraft.block.BlockStairs
minecraft:stone_brick_stairs,109,true,net.minecraft.block.BlockStairs
minecraft:mycelium,110,true,net.minecraft.block.BlockMycelium
minecraft:waterlily,111,true,net.minecraft.block.BlockLilyPad
minecraft:nether_brick,112,true,net.minecraft.block.BlockNetherBrick
minecraft:nether_brick_fence,113,true,net.minecraft.block.BlockFence
minecraft:nether_brick_stairs,114,true,net.minecraft.block.BlockStairs
minecraft:nether_wart,115,true,net.minecraft.block.BlockNetherWart
minecraft:enchanting_table,116,true,net.minecraft.block.BlockEnchantmentTable
minecraft:brewing_stand,117,true,net.minecraft.block.BlockBrewingStand
minecraft:cauldron,118,true,net.minecraft.block.BlockCauldron
minecraft:end_portal,119,true,net.minecraft.block.BlockEndPortal
minecraft:end_portal_frame,120,true,net.minecraft.block.BlockEndPortalFrame
minecraft:end_stone,121,true,net.minecraft.block.Block
minecraft:dragon_egg,122,true,net.minecraft.block.BlockDragonEgg
minecraft:redstone_lamp,123,true,net.minecraft.block.BlockRedstoneLight
minecraft:lit_redstone_lamp,124,true,net.minecraft.block.BlockRedstoneLight
minecraft:double_wooden_slab,125,true,net.minecraft.block.BlockDoubleWoodSlab
minecraft:wooden_slab,126,true,net.minecraft.block.BlockHalfWoodSlab
minecraft:cocoa,127,true,net.minecraft.block.BlockCocoa
minecraft:sandstone_stairs,128,true,net.minecraft.block.BlockStairs
minecraft:emerald_ore,129,true,net.minecraft.block.BlockOre
minecraft:ender_chest,130,true,net.minecraft.block.BlockEnderChest
minecraft:tripwire_hook,131,true,net.minecraft.block.BlockTripWireHook
minecraft:tripwire,132,true,net.minecraft.block.BlockTripWire
minecraft:emerald_block,133,true,net.minecraft.block.Block
minecraft:spruce_stairs,134,true,net.minecraft.block.BlockStairs
minecraft:birch_stairs,135,true,net.minecraft.block.BlockStairs
minecraft:jungle_stairs,136,true,net.minecraft.block.BlockStairs
minecraft:command_block,137,true,net.minecraft.block.BlockCommandBlock
minecraft:beacon,138,true,net.minecraft.block.BlockBeacon
minecraft:cobblestone_wall,139,true,net.minecraft.block.BlockWall
minecraft:flower_pot,140,true,net.minecraft.block.BlockFlowerPot
minecraft:carrots,141,true,net.minecraft.block.BlockCarrot
minecraft:potatoes,142,true,net.minecraft.block.BlockPotato
minecraft:wooden_button,143,true,net.minecraft.block.BlockButtonWood
minecraft:skull,144,true,net.minecraft.block.BlockSkull
minecraft:anvil,145,true,net.minecraft.block.BlockAnvil
minecraft:trapped_chest,146,true,net.minecraft.block.BlockChest
minecraft:light_weighted_pressure_plate,147,true,net.minecraft.block.BlockPressurePlateWeighted
minecraft:heavy_weighted_pressure_plate,148,true,net.minecraft.block.BlockPressurePlateWeighted
minecraft:unpowered_comparator,149,true,net.minecraft.block.BlockRedstoneComparator
minecraft:powered_comparator,150,true,net.minecraft.block.BlockRedstoneComparator
minecraft:daylight_detector,151,true,net.minecraft.block.BlockDaylightDetector
minecraft:redstone_block,152,true,net.minecraft.block.BlockCompressedPowered
minecraft:quartz_ore,153,true,net.minecraft.block.BlockOre
minecraft:hopper,154,true,net.minecraft.block.BlockHopper
minecraft:quartz_block,155,true,net.minecraft.block.BlockQuartz
minecraft:quartz_stairs,156,true,net.minecraft.block.BlockStairs
minecraft:activator_rail,157,true,net.minecraft.block.BlockRailPowered
minecraft:dropper,158,true,net.minecraft.block.BlockDropper
minecraft:stained_hardened_clay,159,true,net.minecraft.block.BlockColored
minecraft:stained_glass_pane,160,true,net.minecraft.block.BlockStainedGlassPane
minecraft:leaves2,161,true,net.minecraft.block.BlockNewLeaf
minecraft:log2,162,true,net.minecraft.block.BlockNewLog
minecraft:acacia_stairs,163,true,net.minecraft.block.BlockStairs
minecraft:dark_oak_stairs,164,true,net.minecraft.block.BlockStairs
minecraft:slime,165,true,net.minecraft.block.BlockSlime
minecraft:barrier,166,true,net.minecraft.block.BlockBarrier
minecraft:iron_trapdoor,167,true,net.minecraft.block.BlockTrapDoor
minecraft:prismarine,168,true,net.minecraft.block.BlockPrismarine
minecraft:sea_lantern,169,true,net.minecraft.block.BlockSeaLantern
minecraft:hay_block,170,true,net.minecraft.block.BlockHay
minecraft:carpet,171,true,net.minecraft.block.BlockCarpet
minecraft:hardened_clay,172,true,net.minecraft.block.BlockHardenedClay
minecraft:coal_block,173,true,net.minecraft.block.Block
minecraft:packed_ice,174,true,net.minecraft.block.BlockPackedIce
minecraft:double_plant,175,true,net.minecraft.block.BlockDoublePlant
minecraft:standing_banner,176,true,net.minecraft.block.BlockBanner.BlockBannerStanding
minecraft:wall_banner,177,true,net.minecraft.block.BlockBanner.BlockBannerHanging
minecraft:daylight_detector_inverted,178,true,net.minecraft.block.BlockDaylightDetector
minecraft:red_sandstone,179,true,net.minecraft.block.BlockRedSandstone
minecraft:red_sandstone_stairs,180,true,net.minecraft.block.BlockStairs
minecraft:double_stone_slab2,181,true,net.minecraft.block.BlockDoubleStoneSlabNew
minecraft:stone_slab2,182,true,net.minecraft.block.BlockHalfStoneSlabNew
minecraft:spruce_fence_gate,183,true,net.minecraft.block.BlockFenceGate
minecraft:birch_fence_gate,184,true,net.minecraft.block.BlockFenceGate
minecraft:jungle_fence_gate,185,true,net.minecraft.block.BlockFenceGate
minecraft:dark_oak_fence_gate,186,true,net.minecraft.block.BlockFenceGate
minecraft:acacia_fence_gate,187,true,net.minecraft.block.BlockFenceGate
minecraft:spruce_fence,188,true,net.minecraft.block.BlockFence
minecraft:birch_fence,189,true,net.minecraft.block.BlockFence
minecraft:jungle_fence,190,true,net.minecraft.block.BlockFence
minecraft:dark_oak_fence,191,true,net.minecraft.block.BlockFence
minecraft:acacia_fence,192,true,net.minecraft.block.BlockFence
minecraft:spruce_door,193,true,net.minecraft.block.BlockDoor
minecraft:birch_door,194,true,net.minecraft.block.BlockDoor
minecraft:jungle_door,195,true,net.minecraft.block.BlockDoor
minecraft:acacia_door,196,true,net.minecraft.block.BlockDoor
minecraft:dark_oak_door,197,true,net.minecraft.block.BlockDoor
minecraft:end_rod,198,true,net.minecraft.block.BlockEndRod
minecraft:chorus_plant,199,true,net.minecraft.block.BlockChorusPlant
minecraft:chorus_flower,200,true,net.minecraft.block.BlockChorusFlower
minecraft:purpur_block,201,true,net.minecraft.block.Block
minecraft:purpur_pillar,202,true,net.minecraft.block.BlockRotatedPillar
minecraft:purpur_stairs,203,true,net.minecraft.block.BlockStairs
minecraft:purpur_double_slab,204,true,net.minecraft.block.BlockPurpurSlab.Double
minecraft:purpur_slab,205,true,net.minecraft.block.BlockPurpurSlab.Half
minecraft:end_bricks,206,true,net.minecraft.block.Block
minecraft:beetroots,207,true,net.minecraft.block.BlockBeetroot
minecraft:grass_path,208,true,net.minecraft.block.BlockGrassPath
minecraft:end_gateway,209,true,net.minecraft.block.BlockEndGateway
minecraft:repeating_command_block,210,true,net.minecraft.block.BlockCommandBlock
minecraft:chain_command_block,211,true,net.minecraft.block.BlockCommandBlock
minecraft:frosted_ice,212,true,net.minecraft.block.BlockFrostedIce
minecraft:magma,213,true,net.minecraft.block.BlockMagma
minecraft:nether_wart_block,214,true,net.minecraft.block.Block
minecraft:red_nether_brick,215,true,net.minecraft.block.BlockNetherBrick
minecraft:bone_block,216,true,net.minecraft.block.BlockBone
minecraft:structure_void,217,true,net.minecraft.block.BlockStructureVoid
minecraft:observer,218,true,net.minecraft.block.BlockObserver
minecraft:white_shulker_box,219,true,net.minecraft.block.BlockShulkerBox
minecraft:orange_shulker_box,220,true,net.minecraft.block.BlockShulkerBox
minecraft:magenta_shulker_box,221,true,net.minecraft.block.BlockShulkerBox
minecraft:light_blue_shulker_box,222,true,net.minecraft.block.BlockShulkerBox
minecraft:yellow_shulker_box,223,true,net.minecraft.block.BlockShulkerBox
minecraft:lime_shulker_box,224,true,net.minecraft.block.BlockShulkerBox
minecraft:pink_shulker_box,225,true,net.minecraft.block.BlockShulkerBox
minecraft:gray_shulker_box,226,true,net.minecraft.block.BlockShulkerBox
minecraft:silver_shulker_box,227,true,net.minecraft.block.BlockShulkerBox
minecraft:cyan_shulker_box,228,true,net.minecraft.block.BlockShulkerBox
minecraft:purple_shulker_box,229,true,net.minecraft.block.BlockShulkerBox
minecraft:blue_shulker_box,230,true,net.minecraft.block.BlockShulkerBox
minecraft:brown_shulker_box,231,true,net.minecraft.block.BlockShulkerBox
minecraft:green_shulker_box,232,true,net.minecraft.block.BlockShulkerBox
minecraft:red_shulker_box,233,true,net.minecraft.block.BlockShulkerBox
minecraft:black_shulker_box,234,true,net.minecraft.block.BlockShulkerBox
bibliocraft:bookcase,235,true,jds.bibliocraft.blocks.BlockBookcase
bibliocraft:bookcasecreative,236,true,jds.bibliocraft.blocks.BlockBookcaseCreative
bibliocraft:shelf,237,true,jds.bibliocraft.blocks.BlockShelf
bibliocraft:markerpole,238,true,jds.bibliocraft.blocks.BlockMarkerPole
bibliocraft:clipboard,239,true,jds.bibliocraft.blocks.BlockClipboard
bibliocraft:lanterngold,240,true,jds.bibliocraft.blocks.BlockLanternGold
bibliocraft:lanterniron,241,true,jds.bibliocraft.blocks.BlockLanternIron
bibliocraft:lampgold,242,true,jds.bibliocraft.blocks.BlockLampGold
bibliocraft:lampiron,243,true,jds.bibliocraft.blocks.BlockLampIron
bibliocraft:furniturepaneler,244,true,jds.bibliocraft.blocks.BlockFurniturePaneler
bibliocraft:framedchest,245,true,jds.bibliocraft.blocks.BlockFramedChest
bibliocraft:fancysign,246,true,jds.bibliocraft.blocks.BlockFancySign
bibliocraft:fancyworkbench,247,true,jds.bibliocraft.blocks.BlockFancyWorkbench
bibliocraft:potionshelf,248,true,jds.bibliocraft.blocks.BlockPotionShelf
bibliocraft:toolrack,249,true,jds.bibliocraft.blocks.BlockToolRack
bibliocraft:label,250,true,jds.bibliocraft.blocks.BlockLabel
bibliocraft:desk,251,true,jds.bibliocraft.blocks.BlockDesk
bibliocraft:table,252,true,jds.bibliocraft.blocks.BlockTable
bibliocraft:seat,253,true,jds.bibliocraft.blocks.BlockSeat
bibliocraft:clock,254,true,jds.bibliocraft.blocks.BlockClock
minecraft:structure_block,255,true,net.minecraft.block.BlockStructure
bibliocraft:case,256,true,jds.bibliocraft.blocks.BlockCase
bibliocraft:mapframe,257,true,jds.bibliocraft.blocks.BlockMapFrame
bibliocraft:paintingframeflat,258,true,jds.bibliocraft.blocks.BlockPaintingFrameFlat
bibliocraft:paintingframesimple,259,true,jds.bibliocraft.blocks.BlockPaintingFrameSimple
bibliocraft:paintingframemiddle,260,true,jds.bibliocraft.blocks.BlockPaintingFrameMiddle
bibliocraft:paintingframefancy,261,true,jds.bibliocraft.blocks.BlockPaintingFrameFancy
bibliocraft:paintingframeborderless,262,true,jds.bibliocraft.blocks.BlockPaintingFrameBorderless
bibliocraft:paintingpress,263,true,jds.bibliocraft.blocks.BlockPaintingPress
bibliocraft:typewriter,264,true,jds.bibliocraft.blocks.BlockTypeWriter
bibliocraft:swordpedestal,265,true,jds.bibliocraft.blocks.BlockSwordPedestal
bibliocraft:armorstand,266,true,jds.bibliocraft.blocks.BlockArmorStand
bibliocraft:bell,267,true,jds.bibliocraft.blocks.BlockBell
bibliocraft:typesettingtable,268,true,jds.bibliocraft.blocks.BlockTypesettingTable
bibliocraft:printingpress,269,true,jds.bibliocraft.blocks.BlockPrintingPress
bibliocraft:cookiejar,270,true,jds.bibliocraft.blocks.BlockCookieJar
bibliocraft:dinnerplate,271,true,jds.bibliocraft.blocks.BlockDinnerPlate
bibliocraft:discrack,272,true,jds.bibliocraft.blocks.BlockDiscRack
buildcraftcore:spring,273,true,buildcraft.core.block.BlockSpring
buildcraftcore:marker_volume,274,true,buildcraft.core.block.BlockMarkerVolume
buildcraftcore:marker_path,275,true,buildcraft.core.block.BlockMarkerPath
buildcraftcore:engine,276,true,buildcraft.core.block.BlockEngine_BC8
buildcraftbuilders:architect,277,true,buildcraft.builders.block.BlockArchitectTable
buildcraftbuilders:builder,278,true,buildcraft.builders.block.BlockBuilder
buildcraftbuilders:filler,279,true,buildcraft.builders.block.BlockFiller
buildcraftbuilders:library,280,true,buildcraft.builders.block.BlockElectronicLibrary
buildcraftbuilders:frame,281,true,buildcraft.builders.block.BlockFrame
buildcraftbuilders:quarry,282,true,buildcraft.builders.block.BlockQuarry
buildcraftenergy:fluid_block_oil_heat_0,283,true,buildcraft.lib.fluid.BCFluidBlock
buildcraftenergy:fluid_block_oil_heat_1,284,true,buildcraft.lib.fluid.BCFluidBlock
buildcraftenergy:fluid_block_oil_heat_2,285,true,buildcraft.lib.fluid.BCFluidBlock
buildcraftenergy:fluid_block_oil_residue_heat_0,286,true,buildcraft.lib.fluid.BCFluidBlock
buildcraftenergy:fluid_block_oil_residue_heat_1,287,true,buildcraft.lib.fluid.BCFluidBlock
buildcraftenergy:fluid_block_oil_residue_heat_2,288,true,buildcraft.lib.fluid.BCFluidBlock
buildcraftenergy:fluid_block_oil_heavy_heat_0,289,true,buildcraft.lib.fluid.BCFluidBlock
buildcraftenergy:fluid_block_oil_heavy_heat_1,290,true,buildcraft.lib.fluid.BCFluidBlock
buildcraftenergy:fluid_block_oil_heavy_heat_2,291,true,buildcraft.lib.fluid.BCFluidBlock
buildcraftenergy:fluid_block_oil_dense_heat_0,292,true,buildcraft.lib.fluid.BCFluidBlock
buildcraftenergy:fluid_block_oil_dense_heat_1,293,true,buildcraft.lib.fluid.BCFluidBlock
buildcraftenergy:fluid_block_oil_dense_heat_2,294,true,buildcraft.lib.fluid.BCFluidBlock
buildcraftenergy:fluid_block_oil_distilled_heat_0,295,true,buildcraft.lib.fluid.BCFluidBlock
buildcraftenergy:fluid_block_oil_distilled_heat_1,296,true,buildcraft.lib.fluid.BCFluidBlock
buildcraftenergy:fluid_block_oil_distilled_heat_2,297,true,buildcraft.lib.fluid.BCFluidBlock
buildcraftenergy:fluid_block_fuel_dense_heat_0,298,true,buildcraft.lib.fluid.BCFluidBlock
buildcraftenergy:fluid_block_fuel_dense_heat_1,299,true,buildcraft.lib.fluid.BCFluidBlock
buildcraftenergy:fluid_block_fuel_dense_heat_2,300,true,buildcraft.lib.fluid.BCFluidBlock
buildcraftenergy:fluid_block_fuel_mixed_heavy_heat_0,301,true,buildcraft.lib.fluid.BCFluidBlock
buildcraftenergy:fluid_block_fuel_mixed_heavy_heat_1,302,true,buildcraft.lib.fluid.BCFluidBlock
buildcraftenergy:fluid_block_fuel_mixed_heavy_heat_2,303,true,buildcraft.lib.fluid.BCFluidBlock
buildcraftenergy:fluid_block_fuel_light_heat_0,304,true,buildcraft.lib.fluid.BCFluidBlock
buildcraftenergy:fluid_block_fuel_light_heat_1,305,true,buildcraft.lib.fluid.BCFluidBlock
buildcraftenergy:fluid_block_fuel_light_heat_2,306,true,buildcraft.lib.fluid.BCFluidBlock
buildcraftenergy:fluid_block_fuel_mixed_light_heat_0,307,true,buildcraft.lib.fluid.BCFluidBlock
buildcraftenergy:fluid_block_fuel_mixed_light_heat_1,308,true,buildcraft.lib.fluid.BCFluidBlock
buildcraftenergy:fluid_block_fuel_mixed_light_heat_2,309,true,buildcraft.lib.fluid.BCFluidBlock
buildcraftenergy:fluid_block_fuel_gaseous_heat_0,310,true,buildcraft.lib.fluid.BCFluidBlock
buildcraftenergy:fluid_block_fuel_gaseous_heat_1,311,true,buildcraft.lib.fluid.BCFluidBlock
buildcraftenergy:fluid_block_fuel_gaseous_heat_2,312,true,buildcraft.lib.fluid.BCFluidBlock
buildcraftfactory:autoworkbench_item,313,true,buildcraft.factory.block.BlockAutoWorkbenchItems
buildcraftfactory:mining_well,314,true,buildcraft.factory.block.BlockMiningWell
buildcraftfactory:pump,315,true,buildcraft.factory.block.BlockPump
buildcraftfactory:tube,316,true,buildcraft.factory.block.BlockTube
buildcraftfactory:flood_gate,317,true,buildcraft.factory.block.BlockFloodGate
buildcraftfactory:tank,318,true,buildcraft.factory.block.BlockTank
buildcraftfactory:chute,319,true,buildcraft.factory.block.BlockChute
buildcraftfactory:distiller,320,true,buildcraft.factory.block.BlockDistiller
buildcraftfactory:heat_exchange_start,321,true,buildcraft.factory.block.BlockHeatExchange
buildcraftfactory:heat_exchange_middle,322,true,buildcraft.factory.block.BlockHeatExchange
buildcraftfactory:heat_exchange_end,323,true,buildcraft.factory.block.BlockHeatExchange
buildcraftrobotics:zone_planner,324,true,buildcraft.robotics.block.BlockZonePlanner
buildcraftsilicon:laser,325,true,buildcraft.silicon.block.BlockLaser
buildcraftsilicon:assembly_table,326,true,buildcraft.silicon.block.BlockLaserTable
buildcraftsilicon:advanced_crafting_table,327,true,buildcraft.silicon.block.BlockLaserTable
buildcraftsilicon:integration_table,328,true,buildcraft.silicon.block.BlockLaserTable
buildcrafttransport:filtered_buffer,329,true,buildcraft.transport.block.BlockFilteredBuffer
buildcrafttransport:pipe_holder,330,true,buildcraft.transport.block.BlockPipeHolder
ic2:te,331,true,ic2.core.block.BlockTileEntity
ic2:resource,332,true,ic2.core.block.BlockMultiID
ic2:leaves,333,true,ic2.core.block.Ic2Leaves
ic2:rubber_wood,334,true,ic2.core.block.BlockRubWood
ic2:sapling,335,true,ic2.core.block.Ic2Sapling
ic2:scaffold,336,true,ic2.core.block.BlockScaffold
ic2:fence,337,true,ic2.core.block.BlockIC2Fence
ic2:sheet,338,true,ic2.core.block.BlockSheet
ic2:glass,339,true,ic2.core.block.BlockTexGlass
ic2:foam,340,true,ic2.core.block.BlockFoam
ic2:wall,341,true,ic2.core.block.BlockWall
ic2:mining_pipe,342,true,ic2.core.block.machine.BlockMiningPipe
ic2:reinforced_door,343,true,ic2.core.block.BlockIC2Door
ic2:dynamite,344,true,ic2.core.block.BlockDynamite
ic2:uu_matter,345,true,ic2.core.block.BlockIC2Fluid
ic2:construction_foam,346,true,ic2.core.block.BlockIC2Fluid
ic2:coolant,347,true,ic2.core.block.BlockIC2Fluid
ic2:hot_coolant,348,true,ic2.core.block.BlockIC2Fluid
ic2:pahoehoe_lava,349,true,ic2.core.block.BlockIC2Fluid
ic2:biomass,350,true,ic2.core.block.BlockIC2Fluid
ic2:biogas,351,true,ic2.core.block.BlockIC2Fluid
ic2:distilled_water,352,true,ic2.core.block.BlockIC2Fluid
ic2:superheated_steam,353,true,ic2.core.block.BlockIC2Fluid
ic2:steam,354,true,ic2.core.block.BlockIC2Fluid
ic2:hot_water,355,true,ic2.core.block.BlockIC2Fluid
ic2:weed_ex,356,true,ic2.core.block.BlockIC2Fluid
ic2:air,357,true,ic2.core.block.BlockIC2Fluid
ic2:hydrogen,358,true,ic2.core.block.BlockIC2Fluid
ic2:oxygen,359,true,ic2.core.block.BlockIC2Fluid
ic2:heavy_water,360,true,ic2.core.block.BlockIC2Fluid
forestry:analyzer,361,true,forestry.core.blocks.BlockCore
forestry:escritoire,362,true,forestry.core.blocks.BlockCore
forestry:bog_earth,363,true,forestry.core.blocks.BlockBogEarth
forestry:humus,364,true,forestry.core.blocks.BlockHumus
forestry:resources,365,true,forestry.core.blocks.BlockResourceOre
forestry:resource_storage,366,true,forestry.core.blocks.BlockResourceStorage
forestry:greenhouse.plain,367,true,null
forestry:greenhouse.glass,368,true,null
forestry:greenhouse.hatch_input,369,true,null
forestry:greenhouse.hatch_output,370,true,null
forestry:greenhouse.gearbox,371,true,null
forestry:greenhouse.valve,372,true,null
forestry:greenhouse.heater,373,true,null
forestry:greenhouse.fan,374,true,null
forestry:greenhouse.humidifier,375,true,null
forestry:greenhouse.dehumidifier,376,true,null
forestry:greenhouse.window,377,true,null
forestry:greenhouse.window_up,378,true,null
forestry:greenhouse.control,379,true,null
forestry:greenhouse.door,380,true,forestry.greenhouse.blocks.BlockGreenhouseDoor
forestry:greenhouse.climate_control,381,true,null
forestry:greenhouse.nursery,382,true,null
forestry:engine_peat,383,true,forestry.energy.blocks.BlockEngine
forestry:engine_biogas,384,true,forestry.energy.blocks.BlockEngine
forestry:engine_clockwork,385,true,forestry.energy.blocks.BlockEngine
forestry:mailbox,386,true,forestry.mail.blocks.BlockMail
forestry:trade_station,387,true,forestry.mail.blocks.BlockMail
forestry:stamp_collector,388,true,forestry.mail.blocks.BlockMail
forestry:bottler,389,true,forestry.factory.blocks.BlockFactoryTESR
forestry:carpenter,390,true,forestry.factory.blocks.BlockFactoryTESR
forestry:centrifuge,391,true,forestry.factory.blocks.BlockFactoryTESR
forestry:fermenter,392,true,forestry.factory.blocks.BlockFactoryTESR
forestry:moistener,393,true,forestry.factory.blocks.BlockFactoryTESR
forestry:squeezer,394,true,forestry.factory.blocks.BlockFactoryTESR
forestry:still,395,true,forestry.factory.blocks.BlockFactoryTESR
forestry:rainmaker,396,true,forestry.factory.blocks.BlockFactoryTESR
forestry:fabricator,397,true,forestry.factory.blocks.BlockFactoryPlain
forestry:raintank,398,true,forestry.factory.blocks.BlockFactoryPlain
forestry:worktable,399,true,forestry.factory.blocks.BlockFactoryPlain
forestry:mushroom,400,true,forestry.farming.blocks.BlockMushroom
forestry:ffarm,401,true,forestry.farming.blocks.BlockFarm
forestry:fluid.bio.ethanol,402,true,forestry.core.fluids.BlockForestryFluid
forestry:fluid.biomass,403,true,forestry.core.fluids.BlockForestryFluid
forestry:fluid.glass,404,true,forestry.core.fluids.BlockForestryFluid
forestry:fluid.for.honey,405,true,forestry.core.fluids.BlockForestryFluid
forestry:fluid.ice,406,true,forestry.core.fluids.BlockForestryFluid
forestry:fluid.juice,407,true,forestry.core.fluids.BlockForestryFluid
forestry:fluid.milk,408,true,forestry.core.fluids.BlockForestryFluid
forestry:fluid.seed.oil,409,true,forestry.core.fluids.BlockForestryFluid
forestry:fluid.short.mead,410,true,forestry.core.fluids.BlockForestryFluid
forestry:apiary,411,true,forestry.apiculture.blocks.BlockApiculture
forestry:bee_house,412,true,forestry.apiculture.blocks.BlockApiculture
forestry:bee_chest,413,true,forestry.core.blocks.BlockBase
forestry:beehives,414,true,forestry.apiculture.blocks.BlockBeeHives
forestry:candle,415,true,forestry.apiculture.blocks.BlockCandle
forestry:stump,416,true,forestry.apiculture.blocks.BlockStump
forestry:bee_combs_0,417,true,null
forestry:bee_combs_1,418,true,null
forestry:alveary.plain,419,true,null
forestry:alveary.swarmer,420,true,null
forestry:alveary.fan,421,true,null
forestry:alveary.heater,422,true,null
forestry:alveary.hygro,423,true,null
forestry:alveary.stabiliser,424,true,null
forestry:alveary.sieve,425,true,null
forestry:logs.0,426,true,null
forestry:logs.1,427,true,null
forestry:logs.2,428,true,null
forestry:logs.3,429,true,null
forestry:logs.4,430,true,null
forestry:logs.5,431,true,null
forestry:logs.6,432,true,null
forestry:logs.7,433,true,null
forestry:logs.fireproof.0,434,true,null
forestry:logs.fireproof.1,435,true,null
forestry:logs.fireproof.2,436,true,null
forestry:logs.fireproof.3,437,true,null
forestry:logs.fireproof.4,438,true,null
forestry:logs.fireproof.5,439,true,null
forestry:logs.fireproof.6,440,true,null
forestry:logs.fireproof.7,441,true,null
forestry:logs.vanilla.fireproof.0,442,true,null
forestry:logs.vanilla.fireproof.1,443,true,null
forestry:planks.0,444,true,null
forestry:planks.1,445,true,null
forestry:planks.fireproof.0,446,true,null
forestry:planks.fireproof.1,447,true,null
forestry:planks.vanilla.fireproof.0,448,true,null
forestry:slabs.0,449,true,null
forestry:slabs.double.0,450,true,null
forestry:slabs.1,451,true,null
forestry:slabs.double.1,452,true,null
forestry:slabs.2,453,true,null
forestry:slabs.double.2,454,true,null
forestry:slabs.3,455,true,null
forestry:slabs.double.3,456,true,null
forestry:slabs.fireproof.0,457,true,null
forestry:slabs.double.fireproof.0,458,true,null
forestry:slabs.fireproof.1,459,true,null
forestry:slabs.double.fireproof.1,460,true,null
forestry:slabs.fireproof.2,461,true,null
forestry:slabs.double.fireproof.2,462,true,null
forestry:slabs.fireproof.3,463,true,null
forestry:slabs.double.fireproof.3,464,true,null
forestry:slabs.vanilla.fireproof.0,465,true,null
forestry:slabs.vanilla.double.fireproof.0,466,true,null
forestry:fences.0,467,true,null
forestry:fences.1,468,true,null
forestry:fences.fireproof.0,469,true,null
forestry:fences.fireproof.1,470,true,null
forestry:fences.vanilla.fireproof.0,471,true,null
forestry:fence.gates.larch,472,true,forestry.arboriculture.blocks.BlockForestryFenceGate
forestry:fence.gates.fireproof.larch,473,true,forestry.arboriculture.blocks.BlockForestryFenceGate
forestry:fence.gates.teak,474,true,forestry.arboriculture.blocks.BlockForestryFenceGate
forestry:fence.gates.fireproof.teak,475,true,forestry.arboriculture.blocks.BlockForestryFenceGate
forestry:fence.gates.acacia,476,true,forestry.arboriculture.blocks.BlockForestryFenceGate
forestry:fence.gates.fireproof.acacia,477,true,forestry.arboriculture.blocks.BlockForestryFenceGate
forestry:fence.gates.lime,478,true,forestry.arboriculture.blocks.BlockForestryFenceGate
forestry:fence.gates.fireproof.lime,479,true,forestry.arboriculture.blocks.BlockForestryFenceGate
forestry:fence.gates.chestnut,480,true,forestry.arboriculture.blocks.BlockForestryFenceGate
forestry:fence.gates.fireproof.chestnut,481,true,forestry.arboriculture.blocks.BlockForestryFenceGate
forestry:fence.gates.wenge,482,true,forestry.arboriculture.blocks.BlockForestryFenceGate
forestry:fence.gates.fireproof.wenge,483,true,forestry.arboriculture.blocks.BlockForestryFenceGate
forestry:fence.gates.baobab,484,true,forestry.arboriculture.blocks.BlockForestryFenceGate
forestry:fence.gates.fireproof.baobab,485,true,forestry.arboriculture.blocks.BlockForestryFenceGate
forestry:fence.gates.sequoia,486,true,forestry.arboriculture.blocks.BlockForestryFenceGate
forestry:fence.gates.fireproof.sequoia,487,true,forestry.arboriculture.blocks.BlockForestryFenceGate
forestry:fence.gates.kapok,488,true,forestry.arboriculture.blocks.BlockForestryFenceGate
forestry:fence.gates.fireproof.kapok,489,true,forestry.arboriculture.blocks.BlockForestryFenceGate
forestry:fence.gates.ebony,490,true,forestry.arboriculture.blocks.BlockForestryFenceGate
forestry:fence.gates.fireproof.ebony,491,true,forestry.arboriculture.blocks.BlockForestryFenceGate
forestry:fence.gates.mahogany,492,true,forestry.arboriculture.blocks.BlockForestryFenceGate
forestry:fence.gates.fireproof.mahogany,493,true,forestry.arboriculture.blocks.BlockForestryFenceGate
forestry:fence.gates.balsa,494,true,forestry.arboriculture.blocks.BlockForestryFenceGate
forestry:fence.gates.fireproof.balsa,495,true,forestry.arboriculture.blocks.BlockForestryFenceGate
forestry:fence.gates.willow,496,true,forestry.arboriculture.blocks.BlockForestryFenceGate
forestry:fence.gates.fireproof.willow,497,true,forestry.arboriculture.blocks.BlockForestryFenceGate
forestry:fence.gates.walnut,498,true,forestry.arboriculture.blocks.BlockForestryFenceGate
forestry:fence.gates.fireproof.walnut,499,true,forestry.arboriculture.blocks.BlockForestryFenceGate
forestry:fence.gates.greenheart,500,true,forestry.arboriculture.blocks.BlockForestryFenceGate
forestry:fence.gates.fireproof.greenheart,501,true,forestry.arboriculture.blocks.BlockForestryFenceGate
forestry:fence.gates.cherry,502,true,forestry.arboriculture.blocks.BlockForestryFenceGate
forestry:fence.gates.fireproof.cherry,503,true,forestry.arboriculture.blocks.BlockForestryFenceGate
forestry:fence.gates.mahoe,504,true,forestry.arboriculture.blocks.BlockForestryFenceGate
forestry:fence.gates.fireproof.mahoe,505,true,forestry.arboriculture.blocks.BlockForestryFenceGate
forestry:fence.gates.poplar,506,true,forestry.arboriculture.blocks.BlockForestryFenceGate
forestry:fence.gates.fireproof.poplar,507,true,forestry.arboriculture.blocks.BlockForestryFenceGate
forestry:fence.gates.palm,508,true,forestry.arboriculture.blocks.BlockForestryFenceGate
forestry:fence.gates.fireproof.palm,509,true,forestry.arboriculture.blocks.BlockForestryFenceGate
forestry:fence.gates.papaya,510,true,forestry.arboriculture.blocks.BlockForestryFenceGate
forestry:fence.gates.fireproof.papaya,511,true,forestry.arboriculture.blocks.BlockForestryFenceGate
forestry:fence.gates.pine,512,true,forestry.arboriculture.blocks.BlockForestryFenceGate
forestry:fence.gates.fireproof.pine,513,true,forestry.arboriculture.blocks.BlockForestryFenceGate
forestry:fence.gates.plum,514,true,forestry.arboriculture.blocks.BlockForestryFenceGate
forestry:fence.gates.fireproof.plum,515,true,forestry.arboriculture.blocks.BlockForestryFenceGate
forestry:fence.gates.maple,516,true,forestry.arboriculture.blocks.BlockForestryFenceGate
forestry:fence.gates.fireproof.maple,517,true,forestry.arboriculture.blocks.BlockForestryFenceGate
forestry:fence.gates.citrus,518,true,forestry.arboriculture.blocks.BlockForestryFenceGate
forestry:fence.gates.fireproof.citrus,519,true,forestry.arboriculture.blocks.BlockForestryFenceGate
forestry:fence.gates.giganteum,520,true,forestry.arboriculture.blocks.BlockForestryFenceGate
forestry:fence.gates.fireproof.giganteum,521,true,forestry.arboriculture.blocks.BlockForestryFenceGate
forestry:fence.gates.ipe,522,true,forestry.arboriculture.blocks.BlockForestryFenceGate
forestry:fence.gates.fireproof.ipe,523,true,forestry.arboriculture.blocks.BlockForestryFenceGate
forestry:fence.gates.padauk,524,true,forestry.arboriculture.blocks.BlockForestryFenceGate
forestry:fence.gates.fireproof.padauk,525,true,forestry.arboriculture.blocks.BlockForestryFenceGate
forestry:fence.gates.cocobolo,526,true,forestry.arboriculture.blocks.BlockForestryFenceGate
forestry:fence.gates.fireproof.cocobolo,527,true,forestry.arboriculture.blocks.BlockForestryFenceGate
forestry:fence.gates.zebrawood,528,true,forestry.arboriculture.blocks.BlockForestryFenceGate
forestry:fence.gates.fireproof.zebrawood,529,true,forestry.arboriculture.blocks.BlockForestryFenceGate
forestry:fence.gates.vanilla.fireproof.oak,530,true,forestry.arboriculture.blocks.BlockForestryFenceGate
forestry:fence.gates.vanilla.fireproof.spruce,531,true,forestry.arboriculture.blocks.BlockForestryFenceGate
forestry:fence.gates.vanilla.fireproof.birch,532,true,forestry.arboriculture.blocks.BlockForestryFenceGate
forestry:fence.gates.vanilla.fireproof.jungle,533,true,forestry.arboriculture.blocks.BlockForestryFenceGate
forestry:fence.gates.vanilla.fireproof.acacia,534,true,forestry.arboriculture.blocks.BlockForestryFenceGate
forestry:fence.gates.vanilla.fireproof.dark_oak,535,true,forestry.arboriculture.blocks.BlockForestryFenceGate
forestry:stairs.larch,536,true,forestry.arboriculture.blocks.BlockForestryStairs
forestry:stairs.teak,537,true,forestry.arboriculture.blocks.BlockForestryStairs
forestry:stairs.acacia,538,true,forestry.arboriculture.blocks.BlockForestryStairs
forestry:stairs.lime,539,true,forestry.arboriculture.blocks.BlockForestryStairs
forestry:stairs.chestnut,540,true,forestry.arboriculture.blocks.BlockForestryStairs
forestry:stairs.wenge,541,true,forestry.arboriculture.blocks.BlockForestryStairs
forestry:stairs.baobab,542,true,forestry.arboriculture.blocks.BlockForestryStairs
forestry:stairs.sequoia,543,true,forestry.arboriculture.blocks.BlockForestryStairs
forestry:stairs.kapok,544,true,forestry.arboriculture.blocks.BlockForestryStairs
forestry:stairs.ebony,545,true,forestry.arboriculture.blocks.BlockForestryStairs
forestry:stairs.mahogany,546,true,forestry.arboriculture.blocks.BlockForestryStairs
forestry:stairs.balsa,547,true,forestry.arboriculture.blocks.BlockForestryStairs
forestry:stairs.willow,548,true,forestry.arboriculture.blocks.BlockForestryStairs
forestry:stairs.walnut,549,true,forestry.arboriculture.blocks.BlockForestryStairs
forestry:stairs.greenheart,550,true,forestry.arboriculture.blocks.BlockForestryStairs
forestry:stairs.cherry,551,true,forestry.arboriculture.blocks.BlockForestryStairs
forestry:stairs.mahoe,552,true,forestry.arboriculture.blocks.BlockForestryStairs
forestry:stairs.poplar,553,true,forestry.arboriculture.blocks.BlockForestryStairs
forestry:stairs.palm,554,true,forestry.arboriculture.blocks.BlockForestryStairs
forestry:stairs.papaya,555,true,forestry.arboriculture.blocks.BlockForestryStairs
forestry:stairs.pine,556,true,forestry.arboriculture.blocks.BlockForestryStairs
forestry:stairs.plum,557,true,forestry.arboriculture.blocks.BlockForestryStairs
forestry:stairs.maple,558,true,forestry.arboriculture.blocks.BlockForestryStairs
forestry:stairs.citrus,559,true,forestry.arboriculture.blocks.BlockForestryStairs
forestry:stairs.giganteum,560,true,forestry.arboriculture.blocks.BlockForestryStairs
forestry:stairs.ipe,561,true,forestry.arboriculture.blocks.BlockForestryStairs
forestry:stairs.padauk,562,true,forestry.arboriculture.blocks.BlockForestryStairs
forestry:stairs.cocobolo,563,true,forestry.arboriculture.blocks.BlockForestryStairs
forestry:stairs.zebrawood,564,true,forestry.arboriculture.blocks.BlockForestryStairs
forestry:stairs.fireproof.larch,565,true,forestry.arboriculture.blocks.BlockForestryStairs
forestry:stairs.fireproof.teak,566,true,forestry.arboriculture.blocks.BlockForestryStairs
forestry:stairs.fireproof.acacia,567,true,forestry.arboriculture.blocks.BlockForestryStairs
forestry:stairs.fireproof.lime,568,true,forestry.arboriculture.blocks.BlockForestryStairs
forestry:stairs.fireproof.chestnut,569,true,forestry.arboriculture.blocks.BlockForestryStairs
forestry:stairs.fireproof.wenge,570,true,forestry.arboriculture.blocks.BlockForestryStairs
forestry:stairs.fireproof.baobab,571,true,forestry.arboriculture.blocks.BlockForestryStairs
forestry:stairs.fireproof.sequoia,572,true,forestry.arboriculture.blocks.BlockForestryStairs
forestry:stairs.fireproof.kapok,573,true,forestry.arboriculture.blocks.BlockForestryStairs
forestry:stairs.fireproof.ebony,574,true,forestry.arboriculture.blocks.BlockForestryStairs
forestry:stairs.fireproof.mahogany,575,true,forestry.arboriculture.blocks.BlockForestryStairs
forestry:stairs.fireproof.balsa,576,true,forestry.arboriculture.blocks.BlockForestryStairs
forestry:stairs.fireproof.willow,577,true,forestry.arboriculture.blocks.BlockForestryStairs
forestry:stairs.fireproof.walnut,578,true,forestry.arboriculture.blocks.BlockForestryStairs
forestry:stairs.fireproof.greenheart,579,true,forestry.arboriculture.blocks.BlockForestryStairs
forestry:stairs.fireproof.cherry,580,true,forestry.arboriculture.blocks.BlockForestryStairs
forestry:stairs.fireproof.mahoe,581,true,forestry.arboriculture.blocks.BlockForestryStairs
forestry:stairs.fireproof.poplar,582,true,forestry.arboriculture.blocks.BlockForestryStairs
forestry:stairs.fireproof.palm,583,true,forestry.arboriculture.blocks.BlockForestryStairs
forestry:stairs.fireproof.papaya,584,true,forestry.arboriculture.blocks.BlockForestryStairs
forestry:stairs.fireproof.pine,585,true,forestry.arboriculture.blocks.BlockForestryStairs
forestry:stairs.fireproof.plum,586,true,forestry.arboriculture.blocks.BlockForestryStairs
forestry:stairs.fireproof.maple,587,true,forestry.arboriculture.blocks.BlockForestryStairs
forestry:stairs.fireproof.citrus,588,true,forestry.arboriculture.blocks.BlockForestryStairs
forestry:stairs.fireproof.giganteum,589,true,forestry.arboriculture.blocks.BlockForestryStairs
forestry:stairs.fireproof.ipe,590,true,forestry.arboriculture.blocks.BlockForestryStairs
forestry:stairs.fireproof.padauk,591,true,forestry.arboriculture.blocks.BlockForestryStairs
forestry:stairs.fireproof.cocobolo,592,true,forestry.arboriculture.blocks.BlockForestryStairs
forestry:stairs.fireproof.zebrawood,593,true,forestry.arboriculture.blocks.BlockForestryStairs
forestry:stairs.vanilla.fireproof.oak,594,true,forestry.arboriculture.blocks.BlockForestryStairs
forestry:stairs.vanilla.fireproof.spruce,595,true,forestry.arboriculture.blocks.BlockForestryStairs
forestry:stairs.vanilla.fireproof.birch,596,true,forestry.arboriculture.blocks.BlockForestryStairs
forestry:stairs.vanilla.fireproof.jungle,597,true,forestry.arboriculture.blocks.BlockForestryStairs
forestry:stairs.vanilla.fireproof.acacia,598,true,forestry.arboriculture.blocks.BlockForestryStairs
forestry:stairs.vanilla.fireproof.dark_oak,599,true,forestry.arboriculture.blocks.BlockForestryStairs
forestry:doors.larch,600,true,forestry.arboriculture.blocks.BlockArbDoor
forestry:doors.teak,601,true,forestry.arboriculture.blocks.BlockArbDoor
forestry:doors.acacia,602,true,forestry.arboriculture.blocks.BlockArbDoor
forestry:doors.lime,603,true,forestry.arboriculture.blocks.BlockArbDoor
forestry:doors.chestnut,604,true,forestry.arboriculture.blocks.BlockArbDoor
forestry:doors.wenge,605,true,forestry.arboriculture.blocks.BlockArbDoor
forestry:doors.baobab,606,true,forestry.arboriculture.blocks.BlockArbDoor
forestry:doors.sequoia,607,true,forestry.arboriculture.blocks.BlockArbDoor
forestry:doors.kapok,608,true,forestry.arboriculture.blocks.BlockArbDoor
forestry:doors.ebony,609,true,forestry.arboriculture.blocks.BlockArbDoor
forestry:doors.mahogany,610,true,forestry.arboriculture.blocks.BlockArbDoor
forestry:doors.balsa,611,true,forestry.arboriculture.blocks.BlockArbDoor
forestry:doors.willow,612,true,forestry.arboriculture.blocks.BlockArbDoor
forestry:doors.walnut,613,true,forestry.arboriculture.blocks.BlockArbDoor
forestry:doors.greenheart,614,true,forestry.arboriculture.blocks.BlockArbDoor
forestry:doors.cherry,615,true,forestry.arboriculture.blocks.BlockArbDoor
forestry:doors.mahoe,616,true,forestry.arboriculture.blocks.BlockArbDoor
forestry:doors.poplar,617,true,forestry.arboriculture.blocks.BlockArbDoor
forestry:doors.palm,618,true,forestry.arboriculture.blocks.BlockArbDoor
forestry:doors.papaya,619,true,forestry.arboriculture.blocks.BlockArbDoor
forestry:doors.pine,620,true,forestry.arboriculture.blocks.BlockArbDoor
forestry:doors.plum,621,true,forestry.arboriculture.blocks.BlockArbDoor
forestry:doors.maple,622,true,forestry.arboriculture.blocks.BlockArbDoor
forestry:doors.citrus,623,true,forestry.arboriculture.blocks.BlockArbDoor
forestry:doors.giganteum,624,true,forestry.arboriculture.blocks.BlockArbDoor
forestry:doors.ipe,625,true,forestry.arboriculture.blocks.BlockArbDoor
forestry:doors.padauk,626,true,forestry.arboriculture.blocks.BlockArbDoor
forestry:doors.cocobolo,627,true,forestry.arboriculture.blocks.BlockArbDoor
forestry:doors.zebrawood,628,true,forestry.arboriculture.blocks.BlockArbDoor
forestry:sapling_ge,629,true,forestry.arboriculture.blocks.BlockSapling
forestry:leaves,630,true,forestry.arboriculture.blocks.BlockForestryLeaves
forestry:leaves.default.0,631,true,null
forestry:leaves.default.1,632,true,null
forestry:leaves.default.2,633,true,null
forestry:leaves.default.3,634,true,null
forestry:leaves.default.4,635,true,null
forestry:leaves.default.5,636,true,null
forestry:leaves.default.6,637,true,null
forestry:leaves.default.7,638,true,null
forestry:leaves.default.8,639,true,null
forestry:leaves.decorative.0,640,true,null
forestry:leaves.decorative.1,641,true,null
forestry:leaves.decorative.2,642,true,null
forestry:charcoal,643,true,forestry.arboriculture.blocks.BlockCharcoal
forestry:wood_pile,644,true,forestry.arboriculture.blocks.BlockWoodPile
forestry:loam,645,true,forestry.arboriculture.blocks.BlockLoam
forestry:pods.dates,646,true,forestry.arboriculture.blocks.BlockFruitPod
forestry:pods.cocoa,647,true,forestry.arboriculture.blocks.BlockFruitPod
forestry:pods.papaya,648,true,forestry.arboriculture.blocks.BlockFruitPod
forestry:tree_chest,649,true,forestry.arboriculture.blocks.BlockArboriculture
forestry:engine_electrical,650,true,forestry.energy.blocks.BlockEngine
forestry:engine_generator,651,true,forestry.energy.blocks.BlockEngine
forestry:butterfly_chest,652,true,forestry.lepidopterology.blocks.BlockLepidopterology
forestry:cocoon,653,true,forestry.lepidopterology.blocks.BlockCocoon
forestry:cocoon.solid,654,true,forestry.lepidopterology.blocks.BlockSolidCocoon
